{
  "timestamp": "2026-03-28T02:56:53.936122",
  "tasks_executed": 100,
  "golden_generated": 100,
  "api_used": 73,
  "session_time": 11.620091676712036,
  "collision_tests": 10,
  "collision_accuracy": 1.0
}