{
  "timestamp": "2026-03-28T02:47:42.926162",
  "tasks_executed": 3000,
  "golden_generated": 3000,
  "api_used": 2380,
  "session_time": 327.6014630794525,
  "collision_tests": 60,
  "collision_accuracy": 1.0
}